Workbook

Sheet Cara Pakai
A1: Cara Pakai — Template Budget Bulanan & Expense Tracker Pribadi
A3: 1. Buka sheet "Anggaran Bulanan" lalu isi/ubah kolom Target Budget (Rp) sesuai kondisi keuanganmu.
A4: 2. Setiap ada pemasukan atau pengeluaran, catat di sheet "Catatan Transaksi" — pilih Kategori dan Jenis lewat dropdown supaya data tetap rapi.
A5: 3. Buka sheet "Dashboard Ringkasan" untuk melihat realisasi per kategori, sisa uang, status anggaran, dan grafik otomatis.
A6: 4. Baris contoh di sheet "Catatan Transaksi" (bertanda "(contoh)") boleh dihapus atau ditimpa dengan transaksi kamu sendiri.
A8: Daftar isi file ini:
A9: - Cara Pakai: panduan singkat (sheet ini)
A10: - Anggaran Bulanan: daftar kategori pengeluaran & target budget bulanan
A11: - Catatan Transaksi: log harian pemasukan/pengeluaran (bisa disortir & difilter)
A12: - Dashboard Ringkasan: rekap otomatis, status per kategori, dan grafik
A14: Catatan: sel berwarna biru adalah tempat kamu mengisi data, sel hitam adalah hasil rumus otomatis — sebaiknya jangan diubah.

Sheet Anggaran Bulanan
A1: Kategori | B1: Target Budget (Rp) | C1: Catatan
A2: Pemasukan (Gaji/Lainnya) | B2: - | C2: Untuk mencatat pemasukan, bukan target belanja
A3: Makanan & Minuman | B3: 1500000
A4: Tempat Tinggal (Kos/Sewa) | B4: 1200000
A5: Tagihan (Listrik/Air/Internet/Pulsa) | B5: 400000
A6: Transportasi | B6: 500000
A7: Pendidikan/Kursus | B7: 300000
A8: Kesehatan | B8: 200000
A9: Hiburan & Gaya Hidup | B9: 300000
A10: Tabungan/Investasi | B10: 600000 | C10: Uang yang disisihkan, dihitung sebagai pengeluaran terencana
A11: Lain-lain | B11: 200000
A12: Total Target Belanja Bulanan | B12: =SUM(B3:B11) -> 5200000

Sheet Catatan Transaksi
A1: Tanggal | B1: Kategori | C1: Keterangan | D1: Jenis | E1: Jumlah (Rp)
A2: 2026-07-01 | B2: Pemasukan (Gaji/Lainnya) | C2: Gaji bulan Juli (contoh) | D2: Pemasukan | E2: 6500000
A3: 2026-07-02 | B3: Tempat Tinggal (Kos/Sewa) | C3: Bayar sewa kos bulan Juli (contoh) | D3: Pengeluaran | E3: 1200000
A4: 2026-07-03 | B4: Makanan & Minuman | C4: Belanja bulanan di minimarket (contoh) | D4: Pengeluaran | E4: 350000
A5: 2026-07-05 | B5: Transportasi | C5: Isi bensin motor (contoh) | D5: Pengeluaran | E5: 100000
A6: 2026-07-06 | B6: Tagihan (Listrik/Air/Internet/Pulsa) | C6: Bayar token listrik (contoh) | D6: Pengeluaran | E6: 150000
A7: 2026-07-07 | B7: Tabungan/Investasi | C7: Setor ke rekening tabungan (contoh) | D7: Pengeluaran | E7: 600000
A8: 2026-07-08 | B8: Hiburan & Gaya Hidup | C8: Nonton bioskop bareng teman (contoh) | D8: Pengeluaran | E8: 75000

Sheet Dashboard Ringkasan
A1: Dashboard Ringkasan — Budget Bulanan
A3: Bulan | B3: Juli 2026
A5: Ringkasan Utama
A6: Total Pemasukan Bulan Ini | B6: =SUMIFS('Catatan Transaksi'!$E$2:$E$101,'Catatan Transaksi'!$D$2:$D$101,"Pemasukan") -> 6500000
A7: Total Pengeluaran Bulan Ini | B7: =SUMIFS('Catatan Transaksi'!$E$2:$E$101,'Catatan Transaksi'!$D$2:$D$101,"Pengeluaran") -> 2475000
A8: Sisa Uang (Belum Teralokasi) | B8: =B6-B7 -> 4025000
A9: Status Sisa Uang | B9: =IF(B8>=0,"Aman","Pengeluaran Melebihi Pemasukan") -> Aman
A11: Rincian Anggaran per Kategori
A12: Kategori | B12: Target Budget | C12: Realisasi | D12: Sisa | E12: % Terpakai | F12: Status
A13: ='Anggaran Bulanan'!A3 -> Makanan & Minuman | B13: ='Anggaran Bulanan'!B3 -> 1500000 | C13: =SUMIFS('Catatan Transaksi'!$E$2:$E$101,'Catatan Transaksi'!$B$2:$B$101,A13,'Catatan Transaksi'!$D$2:$D$101,"Pengeluaran") -> 350000 | D13: =B13-C13 -> 1150000 | E13: =IF(B13=0,0,C13/B13) -> 0.23333333 | F13: =IF(B13=0,"-",IF(C13>B13,"Lebih dari Anggaran",IF(C13>=B13*0.8,"Mendekati Batas","Aman"))) -> Aman
A14: ='Anggaran Bulanan'!A4 -> Tempat Tinggal (Kos/Sewa) | B14: ='Anggaran Bulanan'!B4 -> 1200000 | C14: =SUMIFS('Catatan Transaksi'!$E$2:$E$101,'Catatan Transaksi'!$B$2:$B$101,A14,'Catatan Transaksi'!$D$2:$D$101,"Pengeluaran") -> 1200000 | D14: =B14-C14 -> 0 | E14: =IF(B14=0,0,C14/B14) -> 1 | F14: =IF(B14=0,"-",IF(C14>B14,"Lebih dari Anggaran",IF(C14>=B14*0.8,"Mendekati Batas","Aman"))) -> Mendekati Batas
A15: ='Anggaran Bulanan'!A5 -> Tagihan (Listrik/Air/Internet/Pulsa) | B15: ='Anggaran Bulanan'!B5 -> 400000 | C15: =SUMIFS('Catatan Transaksi'!$E$2:$E$101,'Catatan Transaksi'!$B$2:$B$101,A15,'Catatan Transaksi'!$D$2:$D$101,"Pengeluaran") -> 150000 | D15: =B15-C15 -> 250000 | E15: =IF(B15=0,0,C15/B15) -> 0.375 | F15: =IF(B15=0,"-",IF(C15>B15,"Lebih dari Anggaran",IF(C15>=B15*0.8,"Mendekati Batas","Aman"))) -> Aman
A16: ='Anggaran Bulanan'!A6 -> Transportasi | B16: ='Anggaran Bulanan'!B6 -> 500000 | C16: =SUMIFS('Catatan Transaksi'!$E$2:$E$101,'Catatan Transaksi'!$B$2:$B$101,A16,'Catatan Transaksi'!$D$2:$D$101,"Pengeluaran") -> 100000 | D16: =B16-C16 -> 400000 | E16: =IF(B16=0,0,C16/B16) -> 0.2 | F16: =IF(B16=0,"-",IF(C16>B16,"Lebih dari Anggaran",IF(C16>=B16*0.8,"Mendekati Batas","Aman"))) -> Aman
A17: ='Anggaran Bulanan'!A7 -> Pendidikan/Kursus | B17: ='Anggaran Bulanan'!B7 -> 300000 | C17: =SUMIFS('Catatan Transaksi'!$E$2:$E$101,'Catatan Transaksi'!$B$2:$B$101,A17,'Catatan Transaksi'!$D$2:$D$101,"Pengeluaran") -> 0 | D17: =B17-C17 -> 300000 | E17: =IF(B17=0,0,C17/B17) -> 0 | F17: =IF(B17=0,"-",IF(C17>B17,"Lebih dari Anggaran",IF(C17>=B17*0.8,"Mendekati Batas","Aman"))) -> Aman
A18: ='Anggaran Bulanan'!A8 -> Kesehatan | B18: ='Anggaran Bulanan'!B8 -> 200000 | C18: =SUMIFS('Catatan Transaksi'!$E$2:$E$101,'Catatan Transaksi'!$B$2:$B$101,A18,'Catatan Transaksi'!$D$2:$D$101,"Pengeluaran") -> 0 | D18: =B18-C18 -> 200000 | E18: =IF(B18=0,0,C18/B18) -> 0 | F18: =IF(B18=0,"-",IF(C18>B18,"Lebih dari Anggaran",IF(C18>=B18*0.8,"Mendekati Batas","Aman"))) -> Aman
A19: ='Anggaran Bulanan'!A9 -> Hiburan & Gaya Hidup | B19: ='Anggaran Bulanan'!B9 -> 300000 | C19: =SUMIFS('Catatan Transaksi'!$E$2:$E$101,'Catatan Transaksi'!$B$2:$B$101,A19,'Catatan Transaksi'!$D$2:$D$101,"Pengeluaran") -> 75000 | D19: =B19-C19 -> 225000 | E19: =IF(B19=0,0,C19/B19) -> 0.25 | F19: =IF(B19=0,"-",IF(C19>B19,"Lebih dari Anggaran",IF(C19>=B19*0.8,"Mendekati Batas","Aman"))) -> Aman
A20: ='Anggaran Bulanan'!A10 -> Tabungan/Investasi | B20: ='Anggaran Bulanan'!B10 -> 600000 | C20: =SUMIFS('Catatan Transaksi'!$E$2:$E$101,'Catatan Transaksi'!$B$2:$B$101,A20,'Catatan Transaksi'!$D$2:$D$101,"Pengeluaran") -> 600000 | D20: =B20-C20 -> 0 | E20: =IF(B20=0,0,C20/B20) -> 1 | F20: =IF(B20=0,"-",IF(C20>B20,"Lebih dari Anggaran",IF(C20>=B20*0.8,"Mendekati Batas","Aman"))) -> Mendekati Batas
A21: ='Anggaran Bulanan'!A11 -> Lain-lain | B21: ='Anggaran Bulanan'!B11 -> 200000 | C21: =SUMIFS('Catatan Transaksi'!$E$2:$E$101,'Catatan Transaksi'!$B$2:$B$101,A21,'Catatan Transaksi'!$D$2:$D$101,"Pengeluaran") -> 0 | D21: =B21-C21 -> 200000 | E21: =IF(B21=0,0,C21/B21) -> 0 | F21: =IF(B21=0,"-",IF(C21>B21,"Lebih dari Anggaran",IF(C21>=B21*0.8,"Mendekati Batas","Aman"))) -> Aman
A22: Total | B22: =SUM(B13:B21) -> 5200000 | C22: =SUM(C13:C21) -> 2475000 | D22: =SUM(D13:D21) -> 2725000
